Page	Time
1	12.879247071547752
2	9.911764751240298
3	11.860498912513322
4	6.952709875181881
