Page	Time
1	18.91067340903328
2	13.421380437369635
3	26.923571603718074
4	4.944591378962059
