Page	Time
1	2.055317118959465
2	1.3866764748668174
3	1.4294958492496335
4	1.487632054720052
