Page	Time
1	9.383689805897347
2	6.858051488939282
3	6.4419935938262824
4	8.192319891266834
