Page	Time
1	1.4133283435621706
2	1.6947833073681977
3	3.3238851536989387
4	0.643074919051287
