ppn,questscore,readingtime,contrast
1,4.0,10.401055152620813,0.5782776597901396
2,5.0,16.05005420727076,0.08147144544006202
4,4.0,1.589780374448992,1.412553349777867
7,5.5,7.719013694982436,0.3303511710373612
